index,Close
0,125.18782399142961
1,124.26252702605696
2,124.5214359522669
3,123.87774900232272
4,124.67777246820341
5,124.60220029645275
6,124.44974020768909
7,124.15912104014745
8,124.27802976461312
9,124.67413490444768
