index,Close
0,125.30657524307375
1,127.09249659732475
2,128.78802107771273
3,130.43142316758983
4,132.0323349207726
5,136.59411269219055
6,138.04072616483268
7,139.45661855802743
8,140.84666933166167
9,142.2161190256538
